INSERT INTO BEN_XE (MaBenXe, TenBenXe, DiaChi) VALUES
('BX_GIALAM', 'Bến xe Gia Lâm', 'Số 9, Ngô Gia Khảm, Long Biên, Hà Nội'),
('BX_YENNGHIA', 'Bến xe Yên Nghĩa', 'Quốc lộ 6, Hà Đông, Hà Nội'),
('BX_MYDINH', 'Bến xe Mỹ Đình', '20 Phạm Hùng, Nam Từ Liêm, Hà Nội'),
('BX_GIAPBAT', 'Bến xe Giáp Bát', 'Giải Phóng, Hoàng Mai, Hà Nội'),
('BX_LONGBIEN', 'Điểm trung chuyển Long Biên', 'Yên Phụ, Ba Đình, Hà Nội'),
('BX_NAMTL', 'Bến xe Nam Thăng Long', 'Phạm Văn Đồng, Bắc Từ Liêm, Hà Nội'),
('BX_BACCO', 'Bến xe Bác Cổ', 'Trần Khánh Dư, Hoàn Kiếm, Hà Nội'),
('BX_MAIDONG', 'Bến xe Mai Động', 'Nguyễn Tam Trinh, Hoàng Mai, Hà Nội'),
('BX_NHON', 'Điểm trung chuyển Nhổn', 'Cầu Diễn, Bắc Từ Liêm, Hà Nội'),
('BX_NGHIADO', 'Công viên Nghĩa Đô', 'Nguyễn Văn Huyên, Cầu Giấy, Hà Nội'),
('BX_KIMMA', 'Bến xe Kim Mã', 'Kim Mã, Ba Đình, Hà Nội'),
('BX_DONGMY', 'Bến xe Đông Mỹ', 'Thanh Trì, Hà Nội'),
('BX_TUHIEP', 'Bến xe Tứ Hiệp', 'Thanh Trì, Hà Nội'),
('BX_DONGNGAC', 'Điểm dừng Đông Ngạc', 'Bắc Từ Liêm, Hà Nội'),
('BX_BACNINH', 'Bến xe Bắc Ninh', 'TP. Bắc Ninh'),
('BX_LVH', 'Làng Văn hóa các dân tộc VN', 'Sơn Tây, Hà Nội');


INSERT INTO TAI_XE (MaTaiXe, TenTaiXe, SoDienThoai, BangLai, NgaySinh) VALUES
('TX01', 'Nguyễn Văn Nam', '0901234567', 'Hạng E', '1980-01-15'),
('TX02', 'Trần Hoài Bảo', '0912233445', 'Hạng E', '1985-05-20'),
('TX03', 'Lê Minh Tâm', '0988776655', 'Hạng D', '1988-11-30'),
('TX04', 'Phạm Quốc Hùng', '0933445566', 'Hạng E', '1982-03-10'),
('TX05', 'Vũ Đức Thịnh', '0944556677', 'Hạng E', '1979-07-25'),
('TX06', 'Ngô Thanh Sơn', '0955667788', 'Hạng D', '1990-09-12'),
('TX07', 'Đặng Văn Lâm', '0966778899', 'Hạng E', '1984-12-05'),
('TX08', 'Bùi Xuân Huấn', '0977889900', 'Hạng E', '1987-02-18'),
('TX09', 'Trịnh Đình Quang', '0909090901', 'Hạng D', '1986-06-22'),
('TX10', 'Hoàng Văn Thái', '0919191910', 'Hạng E', '1983-04-14'),
('TX11', 'Lý Hải', '0929292920', 'Hạng E', '1981-08-08'),
('TX12', 'Phan Mạnh Quỳnh', '0939393930', 'Hạng D', '1992-10-10'),
('TX13', 'Sơn Tùng', '0949494940', 'Hạng E', '1994-07-05'),
('TX14', 'Đen Vâu', '0959595950', 'Hạng E', '1989-05-13'),
('TX15', 'Jack 5tr', '0969696960', 'Hạng D', '1997-04-12');

INSERT INTO HANH_KHACH (MaHanhKhach, TenHanhKhach, SoDienThoai) VALUES
('KH01', 'Võ Thị Ngọc Ngân', '0901111111'),
('KH02', 'Trương Mỹ Lan', '0902222222'),
('KH03', 'Lương Bằng Quang', '0903333333'),
('KH04', 'Nguyễn Thị Thanh Nguyên', '0904444444'),
('KH05', 'Phan Thị Mai', '0905555555'),
('KH06', 'Trịnh Văn Quyết', '0906666666'),
('KH07', 'Bùi Đình Khánh', '0907777777'),
('KH08', 'Chi Dân', '0908888888'),
('KH09', 'Vũ Xuân Bình', '0909999999'),
('KH10', 'Châu Việt Cường', '0901234567'),
('KH11', 'Nguyễn Thúc Thuỳ Tiên', '0912345678'),
('KH12', 'Quang Linh', '0923456789'),
('KH13', 'Nguyễn Thị Thái Hằng', '0934567890'),
('KH14', 'Ngô Bá Yếu', '0945678901'),
('KH15', 'Nguyễn Thành Long', '0956789012');

INSERT INTO TUYEN_XE (MaTuyen, TenTuyen, MaBXdau, MaBXcuoi, GiaVe) VALUES
('01', 'Gia Lâm - Bến xe Yên Nghĩa', 'BX_GIALAM', 'BX_YENNGHIA', 7000.00),
('02', 'Bác Cổ - Bến xe Yên Nghĩa', 'BX_BACCO', 'BX_YENNGHIA', 7000.00),
('08', 'Long Biên - Đông Mỹ', 'BX_LONGBIEN', 'BX_DONGMY', 7000.00),
('16', 'Bến xe Mỹ Đình - Bến xe Giáp Bát', 'BX_MYDINH', 'BX_GIAPBAT', 7000.00),
('21', 'Bến xe Giáp Bát - Bến xe Yên Nghĩa', 'BX_GIAPBAT', 'BX_YENNGHIA', 7000.00),
('26', 'Mai Động - SVĐ Mỹ Đình', 'BX_MAIDONG', 'BX_MYDINH', 7000.00),
('27', 'Bến xe Yên Nghĩa - Bến xe Nam Thăng Long', 'BX_YENNGHIA', 'BX_NAMTL', 7000.00),
('28', 'Bến xe Giáp Bát - Đông Ngạc', 'BX_GIAPBAT', 'BX_DONGNGAC', 7000.00),
('32', 'Bến xe Giáp Bát - Nhổn', 'BX_GIAPBAT', 'BX_NHON', 7000.00),
('34', 'Bến xe Mỹ Đình - Bến xe Gia Lâm', 'BX_MYDINH', 'BX_GIALAM', 7000.00),
('38', 'Nam Thăng Long - Mai Động', 'BX_NAMTL', 'BX_MAIDONG', 7000.00),
('39', 'Công viên Nghĩa Đô - Tứ Hiệp', 'BX_NGHIADO', 'BX_TUHIEP', 7000.00),
('50', 'Long Biên - SVĐ Quốc Gia', 'BX_LONGBIEN', 'BX_MYDINH', 7000.00),
('54', 'Long Biên - Thành phố Bắc Ninh', 'BX_LONGBIEN', 'BX_BACNINH', 9000.00),
('107', 'Kim Mã - Làng VH các dân tộc VN', 'BX_KIMMA', 'BX_LVH', 9000.00);

INSERT INTO XE_BUS (MaXe, BienSo, SoCho, TrangThai, MaTuyen) VALUES
('X01', '51B-111.11', 45, 'Đang hoạt động', 'T01'),
('X02', '29B-222.22', 34, 'Đang hoạt động', 'T02'),
('X03', '65B-333.33', 16, 'Bảo trì', 'T03'),
('X04', '30F-444.44', 45, 'Đang hoạt động', 'T04'),
('X05', '43B-555.55', 29, 'Đang hoạt động', 'T05'),
('X06', '68B-666.66', 34, 'Đang hoạt động', 'T06'),
('X07', '49B-777.77', 16, 'Đang hoạt động', 'T07'),
('X08', '72B-888.88', 29, 'Sẵn sàng', 'T08'),
('X09', '79B-999.99', 45, 'Đang hoạt động', 'T09'),
('X10', '77B-123.45', 34, 'Đang hoạt động', 'T10'),
('X11', '47B-567.89', 29, 'Bảo trì', 'T11'),
('X12', '37B-000.01', 45, 'Đang hoạt động', 'T12'),
('X13', '75B-111.22', 34, 'Đang hoạt động', 'T13'),
('X14', '68A-333.44', 16, 'Đang hoạt động', 'T14'),
('X15', '69B-555.66', 45, 'Đang hoạt động', 'T15');

INSERT INTO nhan_vien (manhanvien, tennhanvien, loainhanvien, sodienthoai) VALUES 
('NV01', 'Nguyen Van Hung', 'Tai xe', '0901234561'),
('NV02', 'Tran Thi Lan', 'Ban ve', '0901234562'),
('NV03', 'Le Van Cuong', 'Tai xe', '0901234563'),
('NV04', 'Pham Minh Hoang', 'Tai xe', '0901234564'),
('NV05', 'Hoang Thanh Thuy', 'Ban ve', '0901234565'),
('NV06', 'Dang Van Lam', 'Tai xe', '0901234566'),
('NV07', 'Bui Tuyet Mai', 'Ban ve', '0901234567'),
('NV08', 'Ngo Quang Hai', 'Tai xe', '0901234568'),
('NV09', 'Ly Thanh Nam', 'Tai xe', '0901234569'),
('NV10', 'Vu Duc Chinh', 'Bao ve', '0901234570'),
('NV11', 'Do Kim Lien', 'Ban ve', '0901234571'),
('NV12', 'Trinh Van Toan', 'Tai xe', '0901234572'),
('NV13', 'Phan Anh Tuan', 'Tai xe', '0901234573'),
('NV14', 'Mai Phuong Thao', 'Ban ve', '0901234574'),
('NV15', 'Nguyen Quoc Jack', 'Dieu hanh', '0901234575');

INSERT INTO chuyen_xe (machuyen, maben_di, maben_den, mataixe, gio_khoi_hanh) VALUES 
('C01', 'BX_GIALAM', 'BX_YENNGHIA', 'NV01', '2026-05-22 05:00:00'),
('C02', 'BX_YENNGHIA', 'BX_GIALAM', 'NV03', '2026-05-22 05:15:00'),
('C03', 'BX_MYDINH', 'BX_GIAPBAT', 'NV04', '2026-05-22 06:00:00'),
('C04', 'BX_GIAPBAT', 'BX_MYDINH', 'NV06', '2026-05-22 06:15:00'),
('C05', 'BX_LONGBIEN', 'BX_MYDINH', 'NV08', '2026-05-22 07:00:00'),
('C06', 'BX_MYDINH', 'BX_LONGBIEN', 'NV09', '2026-05-22 07:20:00'),
('C07', 'BX_NHON', 'BX_GIAPBAT', 'NV12', '2026-05-22 08:00:00'),
('C08', 'BX_GIAPBAT', 'BX_NHON', 'NV13', '2026-05-22 08:30:00'),
('C09', 'BX_KIMMA', 'BX_LVH', 'NV01', '2026-05-22 09:00:00'),
('C10', 'BX_YENNGHIA', 'BX_NAMTL', 'NV03', '2026-05-22 10:00:00'),
('C11', 'BX_GIALAM', 'BX_MYDINH', 'NV04', '2026-05-22 11:00:00'),
('C12', 'BX_NAMTL', 'BX_MAIDONG', 'NV06', '2026-05-22 12:00:00'),
('C13', 'BX_NGHIADO', 'BX_TUHIEP', 'NV08', '2026-05-22 13:00:00'),
('C14', 'BX_LONGBIEN', 'BX_BACNINH', 'NV09', '2026-05-22 14:00:00'),
('C15', 'BX_BACCO', 'BX_YENNGHIA', 'NV12', '2026-05-22 15:00:00');

INSERT INTO ve (mave, machuyen, giave, tenkhachhang) VALUES 
('V01', 'C01', 7000, 'Nguyễn Văn An'),
('V02', 'C01', 7000, 'Lê Thị Bình'),
('V03', 'C03', 7000, 'Trần Huy Hoàng'),
('V04', 'C03', 7000, 'Phạm Minh Đức'),
('V05', 'C05', 7000, 'Đỗ Thanh Hải'),
('V06', 'C06', 7000, 'Ngô Quốc Jack'),
('V07', 'C07', 7000, 'Hoàng Văn Nam'),
('V08', 'C09', 9000, 'Bùi Thị Tuyết'),
('V09', 'C10', 7000, 'Vũ Đức Anh'),
('V10', 'C11', 7000, 'Nguyễn Mai Chi'),
('V11', 'C12', 7000, 'Phan Thanh Tùng'),
('V12', 'C13', 7000, 'Lý Gia Hân'),
('V13', 'C14', 9000, 'Trịnh Công Sơn'),
('V14', 'C15', 7000, 'Đặng Thu Thảo'),
('V15', 'C02', 7000, 'Vương Đình Liên');