INSERT INTO BEN_XE (MaBenXe, TenBenXe, DiaChi) VALUES
('BX01', 'Bến xe Miền Đông', 'Bình Thạnh, TP.HCM'),
('BX02', 'Bến xe Mỹ Đình', 'Nam Từ Liêm, Hà Nội'),
('BX03', 'Bến xe Miền Tây', 'Bình Tân, TP.HCM'),
('BX04', 'Bến xe Giáp Bát', 'Hoàng Mai, Hà Nội'),
('BX05', 'Bến xe Đà Nẵng', 'Liên Chiểu, Đà Nẵng'),
('BX06', 'Bến xe Cần Thơ', 'Cái Răng, Cần Thơ'),
('BX07', 'Bến xe Đà Lạt', 'TP Đà Lạt, Lâm Đồng'),
('BX08', 'Bến xe Vũng Tàu', 'TP Vũng Tàu'),
('BX09', 'Bến xe Nha Trang', 'TP Nha Trang, Khánh Hòa'),
('BX10', 'Bến xe Quy Nhơn', 'TP Quy Nhơn, Bình Định'),
('BX11', 'Bến xe Buôn Ma Thuột', 'Đắk Lắk'),
('BX12', 'Bến xe Vinh', 'TP Vinh, Nghệ An'),
('BX13', 'Bến xe Huế', 'TP Huế, Thừa Thiên Huế'),
('BX14', 'Bến xe Rạch Giá', 'Kiên Giang'),
('BX15', 'Bến xe Cà Mau', 'TP Cà Mau');


INSERT INTO TAI_XE (MaTaiXe, TenTaiXe, SoDienThoai, BangLai, NgaySinh) VALUES
('TX01', 'Nguyễn Văn Nam', '0901234567', 'Hạng E', '1980-01-15'),
('TX02', 'Trần Hoài Bảo', '0912233445', 'Hạng E', '1985-05-20'),
('TX03', 'Lê Minh Tâm', '0988776655', 'Hạng D', '1988-11-30'),
('TX04', 'Phạm Quốc Hùng', '0933445566', 'Hạng E', '1982-03-10'),
('TX05', 'Vũ Đức Thịnh', '0944556677', 'Hạng E', '1979-07-25'),
('TX06', 'Ngô Thanh Sơn', '0955667788', 'Hạng D', '1990-09-12'),
('TX07', 'Đặng Văn Lâm', '0966778899', 'Hạng E', '1984-12-05'),
('TX08', 'Bùi Xuân Huấn', '0977889900', 'Hạng E', '1987-02-18'),
('TX09', 'Trịnh Đình Quang', '0909090901', 'Hạng D', '1986-06-22'),
('TX10', 'Hoàng Văn Thái', '0919191910', 'Hạng E', '1983-04-14'),
('TX11', 'Lý Hải', '0929292920', 'Hạng E', '1981-08-08'),
('TX12', 'Phan Mạnh Quỳnh', '0939393930', 'Hạng D', '1992-10-10'),
('TX13', 'Sơn Tùng', '0949494940', 'Hạng E', '1994-07-05'),
('TX14', 'Đen Vâu', '0959595950', 'Hạng E', '1989-05-13'),
('TX15', 'Jack 5tr', '0969696960', 'Hạng D', '1997-04-12');

INSERT INTO HANH_KHACH (MaHanhKhach, TenHanhKhach, SoDienThoai) VALUES
('KH01', 'Võ Thị Ngọc Ngân', '0901111111'),
('KH02', 'Trương Mỹ Lan', '0902222222'),
('KH03', 'Lương Bằng Quang', '0903333333'),
('KH04', 'Nguyễn Thị Thanh Nguyên', '0904444444'),
('KH05', 'Phan Thị Mai', '0905555555'),
('KH06', 'Trịnh Văn Quyết', '0906666666'),
('KH07', 'Bùi Đình Khánh', '0907777777'),
('KH08', 'Chi Dân', '0908888888'),
('KH09', 'Vũ Xuân Bình', '0909999999'),
('KH10', 'Châu Việt Cường', '0901234567'),
('KH11', 'Nguyễn Thúc Thuỳ Tiên', '0912345678'),
('KH12', 'Quang Linh', '0923456789'),
('KH13', 'Nguyễn Thị Thái Hằng', '0934567890'),
('KH14', 'Ngô Bá Yếu', '0945678901'),
('KH15', 'Nguyễn Thành Long', '0956789012');

INSERT INTO TUYEN_XE (MaTuyen, TenTuyen, DiemDau, DiemCuoi, GiaVe, MaBenXe) VALUES
('T01', 'Sài Gòn - Đà Lạt', 'Sài Gòn', 'Đà Lạt', 300000, 'BX01'),
('T02', 'Hà Nội - Sapa', 'Hà Nội', 'Sapa', 350000, 'BX02'),
('T03', 'Sài Gòn - Cần Thơ', 'Sài Gòn', 'Cần Thơ', 180000, 'BX03'),
('T04', 'Hà Nội - Hải Phòng', 'Hà Nội', 'Hải Phòng', 120000, 'BX04'),
('T05', 'Đà Nẵng - Huế', 'Đà Nẵng', 'Huế', 100000, 'BX05'),
('T06', 'Cần Thơ - Rạch Giá', 'Cần Thơ', 'Rạch Giá', 150000, 'BX06'),
('T07', 'Đà Lạt - Nha Trang', 'Đà Lạt', 'Nha Trang', 220000, 'BX07'),
('T08', 'Vũng Tàu - Sài Gòn', 'Vũng Tàu', 'Sài Gòn', 160000, 'BX08'),
('T09', 'Nha Trang - Quy Nhơn', 'Nha Trang', 'Quy Nhơn', 140000, 'BX09'),
('T10', 'Quy Nhơn - Đà Nẵng', 'Quy Nhơn', 'Đà Nẵng', 170000, 'BX10'),
('T11', 'Buôn Ma Thuột - Đà Lạt', 'Buôn Ma Thuột', 'Đà Lạt', 200000, 'BX11'),
('T12', 'Vinh - Hà Nội', 'Vinh', 'Hà Nội', 250000, 'BX12'),
('T13', 'Huế - Quảng Bình', 'Huế', 'Quảng Bình', 130000, 'BX13'),
('T14', 'Rạch Giá - Cà Mau', 'Rạch Giá', 'Cà Mau', 120000, 'BX14'),
('T15', 'Cà Mau - Sài Gòn', 'Cà Mau', 'Sài Gòn', 280000, 'BX15');

INSERT INTO XE_BUS (MaXe, BienSo, SoCho, TrangThai, MaTuyen) VALUES
('X01', '51B-111.11', 45, 'Đang hoạt động', 'T01'),
('X02', '29B-222.22', 34, 'Đang hoạt động', 'T02'),
('X03', '65B-333.33', 16, 'Bảo trì', 'T03'),
('X04', '30F-444.44', 45, 'Đang hoạt động', 'T04'),
('X05', '43B-555.55', 29, 'Đang hoạt động', 'T05'),
('X06', '68B-666.66', 34, 'Đang hoạt động', 'T06'),
('X07', '49B-777.77', 16, 'Đang hoạt động', 'T07'),
('X08', '72B-888.88', 29, 'Sẵn sàng', 'T08'),
('X09', '79B-999.99', 45, 'Đang hoạt động', 'T09'),
('X10', '77B-123.45', 34, 'Đang hoạt động', 'T10'),
('X11', '47B-567.89', 29, 'Bảo trì', 'T11'),
('X12', '37B-000.01', 45, 'Đang hoạt động', 'T12'),
('X13', '75B-111.22', 34, 'Đang hoạt động', 'T13'),
('X14', '68A-333.44', 16, 'Đang hoạt động', 'T14'),
('X15', '69B-555.66', 45, 'Đang hoạt động', 'T15');