INSERT INTO BEN_XE (MaBenXe, TenBenXe, DiaChi) VALUES
('BX_GIALAM', 'Bến xe Gia Lâm', 'Số 9, Ngô Gia Khảm, Long Biên, Hà Nội'),
('BX_YENNGHIA', 'Bến xe Yên Nghĩa', 'Quốc lộ 6, Hà Đông, Hà Nội'),
('BX_MYDINH', 'Bến xe Mỹ Đình', '20 Phạm Hùng, Nam Từ Liêm, Hà Nội'),
('BX_GIAPBAT', 'Bến xe Giáp Bát', 'Giải Phóng, Hoàng Mai, Hà Nội'),
('BX_LONGBIEN', 'Điểm trung chuyển Long Biên', 'Yên Phụ, Ba Đình, Hà Nội'),
('BX_NAMTL', 'Bến xe Nam Thăng Long', 'Phạm Văn Đồng, Bắc Từ Liêm, Hà Nội'),
('BX_BACCO', 'Bến xe Bác Cổ', 'Trần Khánh Dư, Hoàn Kiếm, Hà Nội'),
('BX_MAIDONG', 'Bến xe Mai Động', 'Nguyễn Tam Trinh, Hoàng Mai, Hà Nội'),
('BX_NHON', 'Điểm trung chuyển Nhổn', 'Cầu Diễn, Bắc Từ Liêm, Hà Nội'),
('BX_NGHIADO', 'Công viên Nghĩa Đô', 'Nguyễn Văn Huyên, Cầu Giấy, Hà Nội'),
('BX_KIMMA', 'Bến xe Kim Mã', 'Kim Mã, Ba Đình, Hà Nội'),
('BX_DONGMY', 'Bến xe Đông Mỹ', 'Thanh Trì, Hà Nội'),
('BX_TUHIEP', 'Bến xe Tứ Hiệp', 'Thanh Trì, Hà Nội'),
('BX_DONGNGAC', 'Điểm dừng Đông Ngạc', 'Bắc Từ Liêm, Hà Nội'),
('BX_BACNINH', 'Bến xe Bắc Ninh', 'TP. Bắc Ninh'),
('BX_LVH', 'Làng Văn hóa các dân tộc VN', 'Sơn Tây, Hà Nội');


INSERT INTO TAI_XE (MaTaiXe, TenTaiXe, SoDienThoai, BangLai, NgaySinh) VALUES
('TX01', 'Nguyễn Văn Nam', '0901234567', 'Hạng E', '1980-01-15'),
('TX02', 'Trần Hoài Bảo', '0912233445', 'Hạng E', '1985-05-20'),
('TX03', 'Lê Minh Tâm', '0988776655', 'Hạng D', '1988-11-30'),
('TX04', 'Phạm Quốc Hùng', '0933445566', 'Hạng E', '1982-03-10'),
('TX05', 'Vũ Đức Thịnh', '0944556677', 'Hạng E', '1979-07-25'),
('TX06', 'Ngô Thanh Sơn', '0955667788', 'Hạng D', '1990-09-12'),
('TX07', 'Đặng Văn Lâm', '0966778899', 'Hạng E', '1984-12-05'),
('TX08', 'Bùi Xuân Huấn', '0977889900', 'Hạng E', '1987-02-18'),
('TX09', 'Trịnh Đình Quang', '0909090901', 'Hạng D', '1986-06-22'),
('TX10', 'Hoàng Văn Thái', '0919191910', 'Hạng E', '1983-04-14'),
('TX11', 'Lý Hải', '0929292920', 'Hạng E', '1981-08-08'),
('TX12', 'Phan Mạnh Quỳnh', '0939393930', 'Hạng D', '1992-10-10'),
('TX13', 'Sơn Tùng', '0949494940', 'Hạng E', '1994-07-05'),
('TX14', 'Đen Vâu', '0959595950', 'Hạng E', '1989-05-13'),
('TX15', 'Jack 5tr', '0969696960', 'Hạng D', '1997-04-12');

INSERT INTO HANH_KHACH (MaHanhKhach, TenHanhKhach, SoDienThoai) VALUES
('KH01', 'Võ Thị Ngọc Ngân', '0901111111'),
('KH02', 'Trương Mỹ Lan', '0902222222'),
('KH03', 'Lương Bằng Quang', '0903333333'),
('KH04', 'Nguyễn Thị Thanh Nguyên', '0904444444'),
('KH05', 'Phan Thị Mai', '0905555555'),
('KH06', 'Trịnh Văn Quyết', '0906666666'),
('KH07', 'Bùi Đình Khánh', '0907777777'),
('KH08', 'Chi Dân', '0908888888'),
('KH09', 'Vũ Xuân Bình', '0909999999'),
('KH10', 'Châu Việt Cường', '0901234567'),
('KH11', 'Nguyễn Thúc Thuỳ Tiên', '0912345678'),
('KH12', 'Quang Linh', '0923456789'),
('KH13', 'Nguyễn Thị Thái Hằng', '0934567890'),
('KH14', 'Ngô Bá Yếu', '0945678901'),
('KH15', 'Nguyễn Thành Long', '0956789012');

INSERT INTO TUYEN_XE (MaTuyen, TenTuyen, MaBXdau, MaBXcuoi, GiaVe) VALUES
('T01', 'Gia Lâm - Bến xe Yên Nghĩa', 'BX_GIALAM', 'BX_YENNGHIA', 7000.00),
('T02', 'Bác Cổ - Bến xe Yên Nghĩa', 'BX_BACCO', 'BX_YENNGHIA', 7000.00),
('T08', 'Long Biên - Đông Mỹ', 'BX_LONGBIEN', 'BX_DONGMY', 7000.00),
('T16', 'Bến xe Mỹ Đình - Bến xe Giáp Bát', 'BX_MYDINH', 'BX_GIAPBAT', 7000.00),
('T21', 'Bến xe Giáp Bát - Bến xe Yên Nghĩa', 'BX_GIAPBAT', 'BX_YENNGHIA', 7000.00),
('T26', 'Mai Động - SVĐ Mỹ Đình', 'BX_MAIDONG', 'BX_MYDINH', 7000.00),
('T27', 'Bến xe Yên Nghĩa - Bến xe Nam Thăng Long', 'BX_YENNGHIA', 'BX_NAMTL', 7000.00),
('T28', 'Bến xe Giáp Bát - Đông Ngạc', 'BX_GIAPBAT', 'BX_DONGNGAC', 7000.00),
('T32', 'Bến xe Giáp Bát - Nhổn', 'BX_GIAPBAT', 'BX_NHON', 7000.00),
('T34', 'Bến xe Mỹ Đình - Bến xe Gia Lâm', 'BX_MYDINH', 'BX_GIALAM', 7000.00),
('T38', 'Nam Thăng Long - Mai Động', 'BX_NAMTL', 'BX_MAIDONG', 7000.00),
('T39', 'Công viên Nghĩa Đô - Tứ Hiệp', 'BX_NGHIADO', 'BX_TUHIEP', 7000.00),
('T50', 'Long Biên - SVĐ Quốc Gia', 'BX_LONGBIEN', 'BX_MYDINH', 7000.00),
('T54', 'Long Biên - Thành phố Bắc Ninh', 'BX_LONGBIEN', 'BX_BACNINH', 9000.00),
('T107', 'Kim Mã - Làng VH các dân tộc VN', 'BX_KIMMA', 'BX_LVH', 9000.00);

INSERT INTO XE_BUS (MaXe, BienSo, SoCho, TrangThai, MaTuyen) VALUES
('X01', '51B-111.11', 45, 'Đang hoạt động', 'T01'),
('X02', '29B-222.22', 34, 'Đang hoạt động', 'T02'),
('X03', '65B-333.33', 16, 'Bảo trì', 'T08'),
('X04', '30F-444.44', 45, 'Đang hoạt động', 'T16'),
('X05', '43B-555.55', 29, 'Đang hoạt động', 'T21'),
('X06', '68B-666.66', 34, 'Đang hoạt động', 'T26'),
('X07', '49B-777.77', 16, 'Đang hoạt động', 'T27'),
('X08', '72B-888.88', 29, 'Sẵn sàng', 'T28'),
('X09', '79B-999.99', 45, 'Đang hoạt động', 'T32'),
('X10', '77B-123.45', 34, 'Đang hoạt động', 'T34'),
('X11', '47B-567.89', 29, 'Bảo trì', 'T38'),
('X12', '37B-000.01', 45, 'Đang hoạt động', 'T39'),
('X13', '75B-111.22', 34, 'Đang hoạt động', 'T50'),
('X14', '68A-333.44', 16, 'Đang hoạt động', 'T54'),
('X15', '69B-555.66', 45, 'Đang hoạt động', 'T107');

INSERT INTO nhan_vien (manhanvien, tennhanvien, chucvu, sodienthoai, mabenxe) VALUES 
('NV01', 'Tran Thi Lan', 'Ban ve', '0901234501', 'BX_GIALAM'),
('NV02', 'Hoang Thanh Thuy', 'Ban ve', '0901234502', 'BX_YENNGHIA'),
('NV03', 'Bui Tuyet Mai', 'Ban ve', '0901234503', 'BX_MYDINH'),
('NV04', 'Vu Duc Chinh', 'Bao ve', '0901234504', 'BX_GIAPBAT'),
('NV05', 'Do Kim Lien', 'Ban ve', '0901234505', 'BX_LONGBIEN'),
('NV06', 'Mai Phuong Thao', 'Ban ve', '0901234506', 'BX_NAMTL'),
('NV07', 'Nguyen Quoc Jack', 'Dieu hanh', '0901234507', 'BX_GIALAM'),
('NV08', 'Le Minh Quan', 'Quan ly', '0901234508', 'BX_BACCO'),
('NV09', 'Pham Thu Ha', 'Ke toan', '0901234509', 'BX_MAIDONG'),
('NV10', 'Nguyen Hoang Long', 'Bao ve', '0901234510', 'BX_NHON'),
('NV11', 'Dang Thu Thao', 'Ban ve', '0901234511', 'BX_NGHIADO'),
('NV12', 'Vo Van Thang', 'Bao ve', '0901234512', 'BX_KIMMA'),
('NV13', 'Bui Anh Tuan', 'Dieu hanh', '0901234513', 'BX_DONGMY'),
('NV14', 'Nguyen Minh Tuyet', 'Ban ve', '0901234514', 'BX_TUHIEP'),
('NV15', 'Ly Hai Dang', 'Bao ve', '0901234515', 'BX_DONGNGAC');

INSERT INTO CHUYEN_XE (MaChuyen, NgayKhoiHanh, GioKhoiHanh, MaXe, MaTuyen, MaTaiXe, TrangThai) VALUES 
('C01', '2026-05-22', '05:00:00', 'X01', 'T01', 'TX01', 'Hoàn thành'),
('C02', '2026-05-22', '05:15:00', 'X02', 'T01', 'TX02', 'Hoàn thành'),
('C03', '2026-05-22', '06:00:00', 'X03', 'T02', 'TX03', 'Hoàn thành'),
('C04', '2026-05-22', '06:15:00', 'X04', 'T02', 'TX04', 'Hoàn thành'),
('C05', '2026-05-23', '07:00:00', 'X05', 'T16', 'TX05', 'Đang chạy'),
('C06', '2026-05-23', '07:20:00', 'X06', 'T16', 'TX06', 'Đang chạy'),
('C07', '2026-05-23', '08:00:00', 'X07', 'T32', 'TX07', 'Sắp chạy'),
('C08', '2026-05-23', '08:30:00', 'X08', 'T32', 'TX08', 'Sắp chạy'),
('C09', '2026-05-23', '09:00:00', 'X01', 'T107', 'TX09', 'Sắp chạy'),
('C10', '2026-05-23', '10:00:00', 'X02', 'T27', 'TX10', 'Sắp chạy'),
('C11', '2026-05-23', '11:00:00', 'X03', 'T34', 'TX11', 'Sắp chạy'),
('C12', '2026-05-23', '12:00:00', 'X04', 'T38', 'TX12', 'Sắp chạy'),
('C13', '2026-05-23', '13:00:00', 'X05', 'T39', 'TX13', 'Sắp chạy'),
('C14', '2026-05-23', '14:00:00', 'X06', 'T54', 'TX14', 'Hủy'),
('C15', '2026-05-23', '15:00:00', 'X07', 'T08', 'TX15', 'Sắp chạy');

INSERT INTO ve (mave, machuyen, giave, mahanhkhach) VALUES 
('V01', 'C01', 7000, 'KH01'),
('V02', 'C01', 7000, 'KH02'),
('V03', 'C03', 7000, 'KH03'),
('V04', 'C03', 7000, 'KH04'),
('V05', 'C05', 7000, 'KH05'),
('V06', 'C06', 7000, 'KH06'),
('V07', 'C07', 7000, 'KH07'),
('V08', 'C09', 9000, 'KH08'),
('V09', 'C10', 7000, 'KH09'),
('V10', 'C11', 7000, 'KH10'),
('V11', 'C12', 7000, 'KH11'),
('V12', 'C13', 7000, 'KH12'),
('V13', 'C14', 9000, 'KH13'),
('V14', 'C15', 7000, 'KH14'),
('V15', 'C02', 7000, 'KH15');